date,value
2006-01-01,193.4
2006-02-01,191.9
2006-03-01,191.9
2006-04-01,190.4
2006-05-01,189
2006-06-01,189
2006-07-01,189
2006-08-01,186
2006-09-01,183
2006-10-01,177.1
2006-11-01,171.1
2006-12-01,166.6
2007-01-01,161.846
2007-02-01,161.221
2007-03-01,160.924
2007-04-01,160.968
2007-05-01,160.224
2007-06-01,157.888
2007-07-01,156.802
2007-08-01,156.252
2007-09-01,156.252
2007-10-01,154.779
2007-11-01,152.235
2007-12-01,152.458
2008-01-01,151.982
2008-02-01,152.19
2008-03-01,151.818
2008-04-01,150.539
2008-05-01,150.271
2008-06-01,150.048
2008-07-01,150.182
2008-08-01,149.259
2008-09-01,147.741
2008-10-01,147.176
2008-11-01,147.102
2008-12-01,147.816
2009-01-01,147.503
2009-02-01,147.325
2009-03-01,146.283
2009-04-01,146.298
2009-05-01,145.123
2009-06-01,144.87
2009-07-01,142.951
2009-08-01,141.597
2009-09-01,141.329
2009-10-01,141.716
2009-11-01,141.195
2009-12-01,140.525
2010-01-01,140.615
2010-02-01,141.656
2010-03-01,141.716
2010-04-01,141.21
2010-05-01,140.674
2010-06-01,140.168
2010-07-01,139.841
2010-08-01,139.856
2010-09-01,139.439
2010-10-01,138.993
2010-11-01,138.71
2010-12-01,137.654
2011-01-01,136.965
2011-02-01,136.48
2011-03-01,135.877
2011-04-01,135.424
2011-05-01,134.789
2011-06-01,134.029
2011-07-01,134.159
2011-08-01,133.652
2011-09-01,133.198
2011-10-01,132.773
2011-11-01,132.649
2011-12-01,132.053
2012-01-01,132.354
2012-02-01,131.769
2012-03-01,131.026
2012-04-01,130.798
2012-05-01,131.525
2012-06-01,130.914
2012-07-01,130.367
2012-08-01,129.168
2012-09-01,128.588
2012-10-01,128.138
2012-11-01,127.724
2012-12-01,127.688
2013-01-01,127.769
2013-02-01,128.212
2013-03-01,128.371
2013-04-01,127.366
2013-05-01,127.085
2013-06-01,126.531
2013-07-01,125.703
2013-08-01,126.136
2013-09-01,126.371
2013-10-01,125.732
2013-11-01,125.517
2013-12-01,125.585
2014-01-01,125.127
2014-02-01,124.735
2014-03-01,124.702
2014-04-01,124.599
2014-05-01,124.559
2014-06-01,124.525
2014-07-01,124.861
2014-08-01,124.67
2014-09-01,123.893
2014-10-01,123.829
2014-11-01,123.037
2014-12-01,122.313
2015-01-01,121.914
2015-02-01,121.655
2015-03-01,121.556
2015-04-01,121.332
2015-05-01,120.602
2015-06-01,120.005
2015-07-01,119.277
2015-08-01,118.118
2015-09-01,118.392
2015-10-01,118.681
2015-11-01,118.229
2015-12-01,117.829
2016-01-01,117.501
2016-02-01,117.361
2016-03-01,117.666
2016-04-01,117.286
2016-05-01,116.626
2016-06-01,116.019
2016-07-01,115.819
2016-08-01,115.52
2016-09-01,115.553
2016-10-01,114.619
2016-11-01,115.049
2016-12-01,114.547
2017-01-01,114.851
2017-02-01,114.422
2017-03-01,114.078
2017-04-01,114.466
2017-05-01,113.991
2017-06-01,114.081
2017-07-01,113.196
2017-08-01,112.614
2017-09-01,112.207
2017-10-01,112.303
2017-11-01,112.141
2017-12-01,111.806
2018-01-01,112.064
2018-02-01,111.201
2018-03-01,110.67
2018-04-01,110.391
2018-05-01,110.931
2018-06-01,111.422
2018-07-01,111.303
2018-08-01,111.301
2018-09-01,111.618
2018-10-01,110.983
2018-11-01,110.608
2018-12-01,110.731
2019-01-01,110.943
2019-02-01,110.635
2019-03-01,109.948
2019-04-01,110.011
2019-05-01,109.662
2019-06-01,109.476
2019-07-01,110.051
2019-08-01,110.398
2019-09-01,109.548
2019-10-01,108.99
2019-11-01,109.741
2019-12-01,109.304
2020-01-01,109.737
2020-02-01,109.71
2020-03-01,109.461
2020-04-01,109.582
2020-05-01,109.388
2020-06-01,109.052
2020-07-01,108.853
2020-08-01,108.815
2020-09-01,108.021
2020-10-01,107.807
2020-11-01,108.377
2020-12-01,108.444
2021-01-01,108.345
2021-02-01,108.056
2021-03-01,107.806
2021-04-01,109.55
2021-05-01,109.487
2021-06-01,109.196
2021-07-01,109.52
2021-08-01,110.351
2021-09-01,111.056
2021-10-01,110.747
2021-11-01,110.427
2021-12-01,110.523
2022-01-01,110.554
2022-02-01,110.266
2022-03-01,109.877
2022-04-01,108.677
2022-05-01,107.954
2022-06-01,107.953
2022-07-01,106.988
2022-08-01,106.548
2022-09-01,106.295
2022-10-01,106.041
2022-11-01,105.914
2022-12-01,105.435
2023-01-01,106.004
2023-02-01,106.103
2023-03-01,106.541
2023-04-01,106.183
2023-05-01,106.045
2023-06-01,106.238
2023-07-01,105.625
2023-08-01,105.329
2023-09-01,105.423
2023-10-01,104.919
2023-11-01,104.025
2023-12-01,103.81
2024-01-01,104.857
2024-02-01,105.753
2024-03-01,105.759
2024-04-01,105.804
2024-05-01,105.021
2024-06-01,104.563
2024-07-01,104.631
2024-08-01,103.973
2024-09-01,102.837
2024-10-01,101.873
2024-11-01,100.37
2024-12-01,100.109
2025-01-01,100.723
2025-02-01,101.334
2025-03-01,101.671
2025-04-01,100.901
2025-05-01,100.824
2025-06-01,101.072
2025-07-01,100.561
2025-08-01,101.116
2025-09-01,100.824
2025-10-01,
2025-11-01,101.091
2025-12-01,99.93
2026-01-01,101.033
2026-02-01,100.146
2026-03-01,99.898
2026-04-01,99.391
2026-05-01,100.007
2026-06-01,99.706
2026-07-01,100.356
2026-08-01,100.032